<?xml version="1.0" encoding="UTF-8"?>
<project-private xmlns="http://www.netbeans.org/ns/project-private/1">
    <editor-bookmarks xmlns="http://www.netbeans.org/ns/editor-bookmarks/2" lastBookmarkId="0"/>
    <open-files xmlns="http://www.netbeans.org/ns/projectui-open-files/2">
        <group>
            <file>file:/C:/Users/Granit/Desktop/Punimi%20Seminarik/Loja/src/LojtariNjeri.java</file>
            <file>file:/C:/Users/Granit/Desktop/Punimi%20Seminarik/Loja/src/Loja.java</file>
            <file>file:/C:/Users/Granit/Desktop/Punimi%20Seminarik/Loja/src/LojtariNjeri1.java</file>
            <file>file:/C:/Users/Granit/Desktop/Punimi%20Seminarik/Loja/src/Leter.java</file>
            <file>file:/C:/Users/Granit/Desktop/Punimi%20Seminarik/Loja/src/Lojtari.java</file>
            <file>file:/C:/Users/Granit/Desktop/Punimi%20Seminarik/Loja/src/LojtariNjeri2.java</file>
            <file>file:/C:/Users/Granit/Desktop/Punimi%20Seminarik/Loja/src/loja/ILojtari.java</file>
            <file>file:/C:/Users/Granit/Desktop/Punimi%20Seminarik/Loja/src/loja/Shperndaresi.java</file>
            <file>file:/C:/Users/Granit/Desktop/Punimi%20Seminarik/Loja/src/LojtariKompjuter.java</file>
        </group>
    </open-files>
</project-private>
